,date,baciTbv,chlorTbv,chrysTbv,cryptTbv,cyanoTbv,eugleTbv,haptTbv,hapt2Tbv,none,pyrrTbv,raphiTbv,rhodoTbv,xanthTbv,NO,OP,TN,TP,cyanoLC,microLC,cyanoEL,microEL,tem,maxTem,minTem,degDays,hum,peakWind,pres,rain,shanDiv,windSpeed
0,2013.0013698630137,0.0,0.0,0.0,0.0,0.0,0.0,0.0,,,0.0,0.0,,,,,,,,,,,0.0,0.0,0.0,0.0,60.13,2.19,0.0,0.0,,0.87
1,2013.0205479452054,,,,,,,,,,,,,,,,,,,,,,3.307488095238095,4.3100000000000005,0.1,0.0,99.3,2.85,30.2352380952381,20.26,,1.38
2,2013.0397260273974,,,,,,,,,,,,,,,,,,,,,,2.839696428571429,4.236,0.1,0.0,63.08,3.95,30.227738095238095,21.45,,1.05
3,2013.058904109589,,,,,,,,,,,,,,,,,,,,,,3.2132797619047615,4.878,0.1,0.0,65.02,2.19,30.367202380952385,4.29,,0.38
4,2013.0780821917808,,,,,,,,,,,,,,,,,,,,,,3.4628035714285716,4.9270000000000005,0.1,0.0,98.5,1.53,27.15565476190476,9.87,,0.16
5,2013.0972602739726,104.90351175461619,7.092437001984858,,18.272170705223207,12.25043492601264,,,,,,,,,,,,,,,,,3.6810416666666663,5.013,2.942,0.0,97.6,2.41,29.44363095238095,10.86,,0.74
6,2013.1164383561643,157.1097319378972,8.650283926606756,6.946454529885403,21.2874826787449,8.969806604914195,,,,,,,,,,,,,,,,,3.662107142857143,4.975,0.1,0.0,96.5,1.97,28.292916666666667,11.91,,0.99
7,2013.1356164383562,,,,,,,,,,,,,,,,,,,,,,3.8775238095238094,6.143,3.0300000000000002,0.0,62.88,5.7,29.741845238095234,12.81,,2.87
8,2013.154794520548,,,,,,,,,,,,,,,,,,,,,,3.4625059523809525,4.987,0.1,0.0,1.0,3.51,29.824702380952377,16.43,,1.12
9,2013.1739726027397,,,,,,,,,,,,,,,,,,,,,,3.84585119047619,5.742,0.1,0.0,96.6,1.53,30.079107142857143,17.91,,0.28
10,2013.1931506849314,62.888100774881266,,17.24009755735858,20.636835977399354,11.308180805759827,,,,,4.596833988857216,,,,,,,,,,,,4.0345029940119765,5.784000000000001,0.1,0.0,92.4,2.63,29.974790419161675,18.88,,0.54
11,2013.2123287671234,,,,,,,,,,,,,,,,,,,,,,4.309238095238095,6.805,0.1,0.002295000000000002,69.02,1.97,30.020178571428566,19.76,,0.46
12,2013.231506849315,,,,,,,,,,,,,,,,,,,,,,3.804416666666667,5.551,0.1,0.002786000000000003,79.5,,28.906964285714285,23.06,,1.72
13,2013.2506849315068,,,,,,,,,,,,,,,,,,,,,,4.943648809523809,7.63,0.1,0.008136000000000001,61.94,4.38,29.057499999999997,5.53,,1.87
14,2013.2698630136986,92.68083124768314,,,9.555506356951437,8.587601504623478,,,,,,,,,,,,,,,,,4.521738095238095,6.676,0.1,0.018612,64.47,3.95,28.818214285714287,10.45,,1.41
15,2013.2890410958903,,,,,,,,,,,,,,,,,,,,,,4.170732142857142,5.625,3.116,0.018788000000000003,75.6,3.73,29.779107142857146,11.68,,1.46
16,2013.3082191780823,,,,,,,,,,,,,,,,,,,,,,4.552922619047619,6.1770000000000005,3.024,0.018788000000000003,27.31,4.82,30.33642857142857,13.68,,1.85
17,2013.327397260274,87.95173543053636,6.846689999731698,17.729254734454326,14.15952886016617,9.180290921824671,9.837729931202563,,,,,,,,,,,,,,,,5.216148809523809,7.859999999999999,0.1,0.039665,52.58,10.52,30.200595238095236,14.15,,3.12
18,2013.3465753424657,49.39388623105468,9.505892609713587,9.861077357692771,16.677739685431106,11.609855507784022,4.765412048348902,,,,10.990328504471417,,,,,,,,,,,,5.556636904761905,8.129999999999999,0.1,0.075229,41.84,7.23,29.632916666666667,14.15,,1.85
19,2013.3657534246574,55.39492307832638,7.7452537966766055,6.573065951405697,10.695272270491456,8.318286653195948,6.044873941842359,,,,,,,,,,,,,,-2.3025850929940455,-1.8971199848858813,6.107244047619049,8.809999999999999,0.1,0.14630300000000002,40.88,6.58,30.142738095238098,14.19,,2.82
20,2013.3849315068494,,,,,,,,,,,,,,,,,,,,-2.3025850929940455,-1.8971199848858813,5.060178571428572,7.51,0.1,0.174589,86.6,5.04,28.05988095238095,15.12,,1.24
21,2013.4041095890411,62.88503766331612,10.839138126317433,8.854182658695999,15.524664930580089,10.00448353147993,9.942052103290862,,,,,,,,,,,,0.8329091229351039,,0.3364722366212129,-1.8971199848858813,4.767267857142857,6.497,3.682,0.180649,66.24,11.84,27.765059523809523,18.56,,2.85
22,2013.4232876712329,51.76132189146896,11.508097329939702,7.967468132131217,19.074950275368945,18.9701925697073,8.438182036615427,,,,,,,,,,,,,,-1.8325814637483102,-1.8971199848858813,5.473482142857144,7.68,0.1,0.189009,30.65,5.7,30.09708333333333,20.1,,2.94
23,2013.4424657534246,41.421071070406754,8.933080406193207,7.226244988007676,12.650181826743713,19.908125339368954,,,,,8.158267341751788,,,,,,,,,,-1.8325814637483102,-1.8971199848858813,6.242779761904762,8.540000000000001,0.1,0.25618900000000006,48.03,9.43,27.64446428571429,20.09,,2.57
24,2013.4616438356165,49.77183748950698,13.042558525469023,9.832485577394618,19.33803497198344,14.98168965971498,,,,,9.26162266372856,,,,,,,,,,-1.8325814637483102,-1.8971199848858813,5.687095238095238,8.16,0.1,0.2966230000000001,50.78,9.64,28.905833333333334,20.13,,3.04
25,2013.4808219178083,45.686042574502665,11.153621511201024,7.013166144447662,16.859611622997352,11.190000367800712,,,,,,,,,,,,,,,-1.8325814637483102,-1.8971199848858813,5.499261904761903,7.890000000000001,0.1,0.323308,89.9,2.63,28.77119047619048,5.92,,0.58
26,2013.5,45.76671294981979,5.302334151439054,7.534722079624872,15.94432408590824,9.300424476373824,,,,,,,,,,,,,,,-1.8325814637483102,-1.8971199848858813,6.807970238095239,9.47,0.1,0.36359300000000006,57.74,4.6,28.857261904761902,6.68,,1.9
27,2013.5191780821917,33.42479835959093,8.726808670790737,8.197734812921535,20.648092406076067,16.45385803132871,,,,,6.414656880441463,,,,,,,,,,-1.8325814637483102,-1.8971199848858813,6.395595238095238,9.459999999999999,0.1,0.46973700000000007,39.54,4.38,29.34767857142857,6.69,,2.03
28,2013.5383561643835,43.0903135895333,16.135996693625778,,16.917783119832556,4.259012537095324,,,,,,,,,,,,,,,-1.8325814637483102,-1.8971199848858813,6.5305238095238085,9.27,0.1,0.5608160000000002,60.2,7.01,28.474940476190476,6.68,,1.79
29,2013.5575342465754,58.63781417687319,21.653659577473103,8.109427288331753,16.002569568750864,11.53796528975554,,,,,13.890038044059558,,,,,,,,,,-1.8325814637483102,-1.8971199848858813,6.818946428571429,9.09,0.1,0.6668860000000002,32.95,4.6,29.022976190476193,6.67,,2.16
30,2013.5767123287671,58.09526031429134,41.67455242645447,14.296950823373358,14.213585536802206,8.686350995242616,8.55349288312642,,,,,,,,,,,,,,-1.8325814637483102,-1.8971199848858813,6.565285714285714,9.48,0.1,0.7906320000000001,44.39,6.14,28.86244047619047,6.66,,2.36
31,2013.5958904109589,50.15212653015521,22.974148306779888,11.374597653662653,17.551185893045584,7.352067229509733,,,,,9.02926626222925,,,,,,,,,,-1.8325814637483102,-1.8971199848858813,6.4741904761904765,9.05,0.1,0.875323,35.77,5.04,29.56095238095238,6.66,,2.03
32,2013.6150684931506,46.41102450403989,23.36240927342498,13.751744965363137,17.731494161117336,12.317507474433556,,,,,9.112116720506515,,,,,,,,,,-1.8325814637483102,-1.8971199848858813,6.543904761904761,9.28,0.1,0.9727299999999999,46.95,5.48,29.349166666666665,6.97,,2.64
33,2013.6342465753426,57.950573910442316,22.040699396347364,8.281385676089771,8.275214939636635,6.894891770481171,8.821101658919225,,,,9.800805176792101,,,,,,,,,,-1.8325814637483102,-1.8971199848858813,6.603672619047617,8.75,0.1,1.065426,32.33,8.33,28.689285714285717,6.97,,2.94
34,2013.6534246575343,37.716945558199264,19.56792934573322,11.367874432676652,8.049854098678557,17.323169080709416,,,,,8.48032725686715,,,,,,,,,,-2.3025850929940455,-1.8971199848858813,6.366303571428571,8.65,0.1,1.1518329999999999,50.7,5.04,28.770476190476195,7.5,,2.28
35,2013.672602739726,50.70803054768093,12.550032783049021,15.841401731042891,10.831328463887422,9.851696072167266,,,,,10.308244307901578,,,,,,,,,,,,6.68285119047619,9.190000000000001,0.1,1.2225320000000002,65.23,6.79,29.120535714285715,7.68,,1.88
36,2013.6917808219177,53.499220775876296,33.11138883129709,13.838729581674256,10.404599815322007,12.601643033431625,,,,,6.323883863496929,,,,,,,,,,,,6.201791666666667,8.72,0.1,1.2884710000000004,47.69,3.95,27.826428571428572,9.2,,1.78
37,2013.7109589041097,,,,,,,,,,,,,,,,,,,,,,6.603880952380953,9.870000000000001,0.1,1.3820120000000005,60.98,6.14,28.898630952380948,9.2,,1.55
38,2013.7301369863014,54.6409847140184,14.409998082556285,7.409588571189486,-inf,24.85342109259301,9.226236133861873,,,,17.56776471251921,,,,,,,,,,,,5.422321428571428,7.686,4.232,1.4161320000000006,93.8,1.75,29.581428571428575,12.31,,0.62
39,2013.7493150684932,,,,,,,,,,,,,,,,,,,,,,4.830011904761905,5.884,0.1,1.4204540000000005,97.5,2.63,29.610773809523813,21.46,,0.86
40,2013.768493150685,,,,,,,,,,,,,,,,,,,,,,4.651083333333333,7.202,0.1,1.4232290000000005,97.6,3.29,30.230059523809523,23.43,,0.79
41,2013.7876712328766,,,,,,,,,,,,,,,,,,,,,,4.544744047619048,6.63,0.1,1.4286970000000005,54.81,,29.287321428571424,24.27,,1.18
42,2013.8068493150686,,,,,,,,,,,,,,,,,,,,,,4.892904761904761,7.1659999999999995,0.1,1.4371070000000006,57.16,2.41,30.172499999999996,24.27,,1.14
43,2013.8260273972603,,,,,,,,,,,,,,,,,,,,,,4.781482142857143,7.287000000000001,0.1,1.456647,51.74,3.95,29.72047619047619,24.65,,1.41
44,2013.845205479452,,,,,,,,,,,,,,,,,,,,,,4.22127380952381,5.792,0.1,1.4581489999999997,97.7,2.41,29.969404761904766,6.52,,0.74
45,2013.8643835616438,,,,,,,,,,,,,,,,,,,,,,4.552922619047619,5.982,3.8049999999999997,1.4581489999999997,95.4,1.31,29.980595238095237,8.64,,0.26
46,2013.8835616438357,,,,,,,,,,,,,,,,,,,,,,4.275767857142858,5.8100000000000005,0.1,1.4581489999999997,1.0,2.85,29.531488095238096,11.56,,0.85
47,2013.9027397260274,,,,,,,,,,,,,,,,,,,,,,3.496970238095238,5.165,0.1,1.4581489999999997,84.2,1.53,30.289821428571432,11.76,,0.74
48,2013.9219178082192,,,,,,,,,,,,,,,,,,,,,,3.858279761904762,5.305,0.1,1.4581489999999997,93.6,1.0,29.292857142857148,16.96,,1.0
49,2013.941095890411,,,,,,,,,,,,,,,,,,,,,,2.008291666666667,3.428,0.1,1.4581489999999997,73.62,2.41,30.09732142857143,17.09,,0.47
50,2013.9602739726026,,,,,,,,,,,,,,,,,,,,,,3.3359642857142857,5.025,0.1,1.4581489999999997,80.3,1.53,30.361964285714283,17.6,,0.87
51,2013.9794520547946,,,,,,,,,,,,,,,,,,,,,,3.6262678571428566,4.589,0.1,1.4581489999999997,81.5,5.04,30.22529761904762,19.96,,1.6
52,2013.9986301369863,,,,,,,,,,,,,,,,,,,,,,3.480595238095238,4.8100000000000005,0.1,1.4581489999999997,,1.53,30.352261904761907,19.97,,0.19
53,2014.017808219178,,,,,,,,,,,,,,,,,,,,,,3.555392857142857,4.995,0.1,0.0,96.5,2.19,30.27863095238095,20.34,,0.43
54,2014.0369863013698,,,,,,,,,,,,,,,,,,,,,,4.070005952380953,5.464,0.1,0.0,87.4,3.07,30.006130952380957,25.63,,0.99
55,2014.0561643835617,,,,,,,,,,,,,,,,,,,,,,3.6867976190476193,5.642,2.822,0.0,65.03,2.85,30.36047619047619,25.61,,1.2
56,2014.0753424657535,,,,,,,,,,,,,,,,,,,,,,4.005916666666667,6.473000000000001,0.1,0.0,88.3,1.75,30.289226190476192,25.63,,0.74
57,2014.0945205479452,,,,,,,,,,,,,,,,,,,,,,3.685642857142857,4.794,0.1,0.0,79.02,7.89,28.658214285714287,25.91,,1.65
58,2014.113698630137,,,,,,,,,,,,,,,,,,,,,,2.6205000000000003,3.9189999999999996,0.1,0.0,97.4,1.0,30.04440476190476,9.44,,1.0
59,2014.1328767123289,,,,,,,,,,,,,,,,,,,,,,3.7285535714285714,4.544,3.346,0.0,98.7,3.95,29.267916666666668,19.18,,1.2
60,2014.1520547945206,,,,,,,,,,,,,,,,,,,,,,3.8014761904761905,5.225,0.1,0.0,58.12,11.84,30.131488095238097,21.84,,2.38
61,2014.1712328767123,,,,,,,,,,,,,,,,,,,,,,4.260702380952381,5.995,0.1,0.0,1.0,5.26,28.94988095238095,8.05,,1.99
62,2014.190410958904,,,,,,,,,,,,,,,,,,,,,,4.479467065868264,5.881,0.1,0.0,68.4,5.7,29.20281437125749,16.14,,2.14
63,2014.2095890410958,,,,,,,,,,,,,,,,,,,,,,4.313541666666667,6.715999999999999,0.1,0.0006479999999999989,65.86,6.58,30.26452380952381,18.08,,2.39
64,2014.2287671232878,,,,,,,,,,,,,,,,,,,,,,4.189886904761905,7.233,0.1,0.0023009999999999975,93.2,3.95,30.18952380952381,18.25,,1.65
65,2014.2479452054795,,,,,,,,,,,,,,,,,,,,,,4.142255952380952,5.538,3.254,0.006838999999999997,80.9,2.63,29.499464285714286,24.19,,0.91
66,2014.2671232876712,,,,,,,,,,,,,,,,,,,,,,4.612029761904762,7.295999999999999,0.1,0.007634999999999997,1.0,2.41,28.552559523809524,25.78,,1.36
67,2014.286301369863,,,,,,,,,,,,,,,,,,,,,,5.070720238095238,7.236,3.2649999999999997,0.022726999999999994,52.78,8.11,29.45678571428571,25.62,,2.21
68,2014.305479452055,,,,,,,,,,,,,,,,,,,,,,4.631958333333333,6.872,0.1,0.03154499999999999,73.54,5.48,29.72244047619047,6.61,,1.62
69,2014.3246575342466,,,,,,,,,,,,,,,,,,,,,,4.255059523809524,6.037,0.1,0.034342,47.58,,29.329821428571428,11.48,,1.43
70,2014.3438356164384,47.16495240216607,16.97261054840826,,14.070754829262441,9.060786955648478,8.49534862531908,,,,,,,,,,,,,,,,5.463791666666667,8.73,0.1,0.06728599999999998,81.2,3.07,28.882321428571426,13.68,,1.04
71,2014.36301369863,,,,,,,,,,,,,,,,,,,,,,4.82252380952381,7.456999999999999,0.1,0.077549,34.7,4.38,29.949940476190477,17.21,,1.69
72,2014.3821917808218,64.04075909704491,21.103254282760666,9.699705971084095,17.620863251191974,15.313628472628332,11.60451146039008,,,,10.057533652902634,,,,,,,,,,,,5.79771856287425,9.14,0.1,0.125412,58.7,5.48,29.05161676646707,18.43,,1.98
73,2014.4013698630138,71.71493094382551,26.542142964167304,8.658860466219881,27.711142588707993,20.10834785768089,,,,,7.840469616959503,,,,,,,,,,,,5.889517857142857,8.39,4.553,0.15790800000000002,47.53,13.37,29.947678571428575,18.43,,4.25
74,2014.4205479452055,39.864770901909125,10.537236522005575,6.10475265500232,23.509383450285224,19.36001384197069,9.03588595932047,,,,7.032901650185133,,,,,,,,1.0296194171811581,,0.7654678421395714,-1.8971199848858813,5.564785714285714,7.881,0.1,0.18310200000000001,60.47,5.48,28.86994047619048,5.64,,1.71
75,2014.4397260273972,31.679005925730532,13.909476114913522,,16.246297430307354,28.669085033031337,,,,,,,,,,,,,-0.579818495252942,,0.6729444732424258,-1.8971199848858813,6.040166666666666,8.02,0.1,0.23497199999999993,39.36,12.06,30.116785714285715,5.63,,3.65
76,2014.458904109589,37.79399396247559,11.580547099177465,,20.354190273487365,29.97547943850133,,,,,,,,,,,,,-1.0498221244986778,,-0.9942522733438669,-1.8971199848858813,5.292761904761905,7.867,0.1,0.2751399999999999,1.0,4.38,28.647678571428568,8.53,,1.07
77,2014.478082191781,47.71233045424751,13.454513022102319,,12.137274555355262,19.717242060712625,,,,,,,,,,,,,-1.1086626245216111,,-0.9942522733438669,-1.8971199848858813,5.923797619047619,8.16,4.309,0.29545799999999994,49.53,5.92,29.577500000000004,8.61,,1.98
78,2014.4972602739726,42.02951270142712,12.980481825186303,,20.288128768632532,15.885378736860426,,,,,,,,,,,,,-1.3093333199837622,,,-1.8971199848858813,5.994166666666667,8.47,0.1,0.3327889999999999,1.0,4.6,28.817440476190477,9.64,,1.77
79,2014.5164383561644,37.05221932598019,3.88780342231196,,8.889763897240659,12.818274420173822,,,,,,,,,,,,,-1.8325814637483102,,,-1.8971199848858813,6.81035119047619,9.68,0.1,0.4089829999999999,49.45,3.73,29.020476190476195,9.63,,1.6
80,2014.535616438356,21.67867227115352,14.267151677437745,7.536167451402681,14.031378171138382,13.617767413339921,,,,,,,,,,,,,-0.8915981192837836,,,-1.8971199848858813,6.719113095238096,9.47,0.1,0.518061,42.59,4.38,28.328928571428566,9.71,,1.96
81,2014.554794520548,10.260909872864728,25.07840708309596,,35.50610114731456,12.80210560709714,,,,,,,,,,,,,-1.8325814637483102,,,-1.8971199848858813,6.683642857142857,9.64,0.1,0.6266369999999998,71.55,5.26,28.151488095238093,9.75,,2.7
82,2014.5739726027398,14.466590726774367,18.078073328103336,4.900779850676384,9.38599084363866,23.225500095127547,7.267903464808001,,,,,,,,,,,,-2.120263536200091,,,-1.8971199848858813,6.30610119047619,9.459999999999999,0.1,0.687695,45.89,4.6,30.13970238095238,10.17,,1.82
83,2014.5931506849315,8.212365073648852,16.792193250294535,9.354400138537276,15.704848083410019,11.728324983238094,,,,,,,,,,,,,-2.3025850929940455,,,-1.8971199848858813,7.296083333333333,9.45,0.1,0.79889,52.37,5.7,29.010119047619046,10.16,,2.34
84,2014.6123287671232,17.158796973859843,30.074890845593256,10.851422403264111,18.494070347094635,25.759470436710558,,,,,,,,,,,,,-2.5257286443082556,,,-1.8971199848858813,6.8575833333333325,9.65,0.1,0.9056000000000002,53.08,,29.722857142857144,10.16,,1.7
85,2014.631506849315,5.845241459517236,21.729296655888025,,18.342140020789174,15.036697243251485,,,,,7.267903464808001,,,,,,,,-2.5257286443082556,,-2.2072749131897207,-1.8971199848858813,6.543684523809523,9.459999999999999,0.1,0.9953310000000001,44.67,7.67,29.51059523809524,10.3,,3.1
86,2014.650684931507,,,,,,,,,,,,,,,,,,-2.5257286443082556,,-2.2072749131897207,-1.8971199848858813,6.466898809523809,8.690000000000001,0.1,1.0861010000000002,33.17,4.38,28.29952380952381,10.3,,2.15
87,2014.6698630136987,24.248852167435018,21.241889685130946,11.624843615677865,13.4045519472717,9.969148309530448,,,,,,,,,,,,,-2.8134107167600364,,,-1.8971199848858813,6.358964285714286,9.190000000000001,0.1,1.1783890000000004,42.93,8.55,28.337142857142855,10.63,,2.14
88,2014.6890410958904,22.02252858999645,22.47781757690813,12.832394232007166,17.56800660886891,13.12477273784722,,,,,9.541831848552242,,,,,,,,-2.8134107167600364,,,-1.8971199848858813,6.265386904761904,9.34,0.1,1.2471120000000002,49.46,12.06,29.324761904761903,10.63,,4.15
89,2014.7082191780821,35.842428637797994,13.29971250322554,15.18677875403688,10.60176076751082,12.68816151528538,,,,,10.683741381558669,,,,,,,,-2.995732273553991,,,-1.8971199848858813,6.182244047619048,9.120000000000001,0.1,1.3354600000000008,44.22,4.82,29.160833333333336,10.62,,1.99
90,2014.727397260274,,,,,,,,,,,,,,,,,,-2.995732273553991,,,-1.8971199848858813,6.282654761904761,9.52,0.1,1.4224440000000005,52.12,3.07,29.789583333333333,10.62,,1.12
91,2014.7465753424658,52.17863413496164,15.597028829065554,9.961685694112507,8.27183848794502,9.340616167071099,,,,,,,,,,,,,-2.8134107167600364,,,-1.8971199848858813,5.665678571428572,7.587000000000001,0.1,1.4689620000000005,89.5,2.41,28.62220238095238,12.19,,0.83
92,2014.7657534246575,37.404327983365356,15.099756171704268,19.032662240119834,9.856160799396202,6.516781474651224,,,,,12.09747628073173,,,,,,,,-3.2188758248682006,,,-1.8971199848858813,5.648541666666667,8.25,0.1,1.5030600000000005,56.35,3.29,30.009166666666665,12.3,,1.73
93,2014.7849315068493,54.08793380117905,17.565174699156188,11.33081960030391,9.61899661114993,8.713593627265839,,,,,,,,,,,,,-3.2188758248682006,,-2.617295837833746,-1.8971199848858813,5.511529761904763,8.05,0.1,1.5623480000000005,97.7,1.97,28.868511904761903,12.88,,0.35
94,2014.804109589041,48.0085406139228,21.725465223583626,10.05291470704634,21.640018029616414,15.1652676813061,,,,,,,,,,,,,-3.506557897319982,,,-1.8971199848858813,5.215738095238096,7.064,4.429,1.5768570000000006,1.0,2.19,29.392380952380954,15.43,,0.5
95,2014.823287671233,,,,,,,,,,,,,,,,,,,,,,4.758172619047619,5.669,0.1,1.5813770000000005,97.5,0.88,29.44869047619047,20.35,,0.09
96,2014.8424657534247,,,,,,,,,,,,,,,,,,,,,,4.757505952380953,5.883,0.1,1.5813770000000005,97.8,3.07,29.889523809523812,24.46,,0.64
97,2014.8616438356164,,,,,,,,,,,,,,,,,,,,,,4.621517857142857,6.056,0.1,1.5813770000000005,42.14,16.88,29.84559523809524,25.06,,3.73
98,2014.8808219178081,,,,,,,,,,,,,,,,,,,,,,3.1345416666666672,4.742,0.1,1.5813770000000005,58.83,1.97,30.03255952380952,26.01,,0.78
99,2014.9,,,,,,,,,,,,,,,,,,,,,,4.010571428571429,5.401,0.1,1.5813770000000005,98.7,8.33,29.414285714285718,26.15,,2.6
100,2014.9191780821918,,,,,,,,,,,,,,,,,,,,,,4.106345238095238,5.615,2.625,1.5813770000000005,95.7,1.75,29.50315476190476,26.18,,0.57
101,2014.9383561643835,,,,,,,,,,,,,,,,,,,,,,4.242845238095239,5.129,3.585,1.5813770000000005,1.0,1.97,29.145297619047618,26.2,,0.75
102,2014.9575342465753,,,,,,,,,,,,,,,,,,,,,,4.270607142857143,5.165,0.1,1.5813770000000005,75.95,3.95,29.005000000000003,26.24,,1.56
103,2014.9767123287672,,,,,,,,,,,,,,,,,,,,,,4.264708333333333,5.274,0.1,1.5813770000000005,97.4,2.41,28.988095238095237,26.09,,0.81
104,2014.995890410959,,,,,,,,,,,,,,,,,,,,,,3.557803571428572,4.816,0.1,1.5813770000000005,43.52,1.0,29.89696428571429,19.09,,2.82
105,2015.0150684931507,,,,,,,,,,,,,,,,,,,,,,3.155363095238095,4.883,0.1,0.22591100000000006,92.5,1.53,30.33327380952381,19.79,,0.75
106,2015.0342465753424,,,,,,,,,,,,,,,,,,,,,,3.9968214285714283,5.24,0.1,0.0,75.09,4.17,30.21339285714286,19.9,,1.39
107,2015.0534246575342,,,,,,,,,,,,,,,,,,,,,,3.9771428571428564,5.311999999999999,0.1,0.0,74.73,3.95,29.709523809523812,25.04,,1.23
108,2015.072602739726,,,,,,,,,,,,,,,,,,,,,,4.259571428571428,6.049,0.1,0.0,84.9,,30.274523809523814,25.21,,0.99
109,2015.0917808219178,,,,,,,,,,,,,,,,,,,,,,4.152529761904762,6.184,0.1,0.0,96.6,,29.684940476190473,6.27,,0.36
110,2015.1109589041096,,,,,,,,,,,,,,,,,,,,,,4.616541666666667,5.544,4.161,0.0,84.1,2.19,29.166785714285716,11.96,,0.74
111,2015.1301369863013,,,,,,,,,,,,,,,,,,,,,,4.398285714285715,6.38,0.1,0.0,46.24,2.85,30.26059523809524,11.96,,1.28
112,2015.1493150684933,,,,,,,,,,,,,,,,,,,,,,4.2430119047619055,6.429,0.1,0.0,26.82,4.38,30.28392857142857,11.99,,2.07
113,2015.168493150685,,,,,,,,,,,,,,,,,,,,,,4.03225,6.289,0.1,0.0,31.48,6.36,29.414285714285718,13.1,,2.64
114,2015.1876712328767,,,,,,,,,,,,,,,,,,,,,,4.395083832335329,7.119,0.1,0.003587000000000002,59.56,,30.06155688622754,13.1,,0.86
115,2015.2068493150684,,,,,,,,,,,,,,,,,,,,,,4.964952380952381,6.633,3.944,0.012901000000000003,87.2,2.41,29.759523809523813,15.85,,0.52
116,2015.2260273972602,,,,,,,,,,,,,,,,,,,,,,4.522095238095238,6.404999999999999,0.1,0.013167000000000002,69.01,9.43,29.428511904761905,18.02,,2.17
117,2015.2452054794521,,,,,,,,,,,,,,,,,,,,,,4.992470238095238,7.442,0.1,0.021420000000000005,76.11,8.11,29.707083333333333,19.26,,1.53
118,2015.2643835616439,,,,,,,,,,,,,,,,,,,,,,4.045541666666667,5.582,3.143,0.030807,85.7,3.07,30.089702380952378,20.53,,1.34
119,2015.2835616438356,94.19277358475357,,10.97267164689698,19.446546747485492,7.345924066505174,,,,,,,,,,,,,,,,,4.348464285714285,6.227,0.1,0.030807,73.87,11.18,29.02886904761905,22.2,,3.67
120,2015.3027397260273,104.59963079561832,17.008504659638167,10.63087963364996,9.495641369624654,11.154729764356171,,,,,,,,,,,,,,,,,5.028369047619047,8.190000000000001,0.1,0.04583800000000001,46.26,11.84,28.645654761904762,22.2,,3.5
121,2015.3219178082193,41.296804312227756,12.347750799487198,8.411321832820954,9.978456031248223,13.853238969628134,,,,,7.246870632165246,,,,,,,,,,,,4.721,8.16,0.1,0.07572000000000001,73.5,7.45,28.51672619047619,4.96,,1.9
122,2015.341095890411,57.98779639893209,,10.72234536098897,21.182540577885174,13.019774719066126,,,,,,,,,,,,,-0.05129329438755058,,,-1.8971199848858813,5.361291666666667,7.938,3.4850000000000003,0.101151,53.17,10.08,28.69690476190476,4.96,,3.1
123,2015.3602739726027,44.04505035626985,,,15.885005456247297,16.350988495879157,,,,,,,,,,,,,3.6609942506244004,,,0.19885085874516517,5.2663690476190474,8.059999999999999,0.1,0.13120499999999996,77.42,5.7,29.70380952380952,5.25,,1.81
124,2015.3794520547945,40.605447179542765,7.817209609142056,10.212342443974443,16.92699453342372,12.94474155697804,,,,,,,,,,,,,-1.3862943611198906,,0.41871033485818504,-1.8971199848858813,5.11202380952381,7.111,0.1,0.14648999999999998,68.54,8.11,29.297261904761907,5.78,,2.02
125,2015.3986301369864,63.24572829673465,,,21.50271205621071,12.803658111096205,,,,,,,,,,,,,-2.995732273553991,,,-1.8971199848858813,5.595535714285715,7.3790000000000004,0.1,0.15916399999999997,42.72,6.8,29.522380952380953,6.25,,2.08
126,2015.4178082191781,95.0214238989226,5.665385995218475,,14.649702962493702,8.937965999058537,,,,,,,,,,,,,-2.8134107167600364,,,-0.5447271754416722,6.33485119047619,8.629999999999999,0.1,0.206775,63.43,13.15,27.74738095238095,6.33,,3.57
127,2015.4369863013699,54.59859712509073,8.016800010567104,,14.943588003884933,12.11371425204373,,,,,,,,,,,,,-2.2072749131897207,,,-0.843970070294529,6.307559523809524,9.86,0.1,0.266369,30.84,4.6,28.65815476190476,6.45,,1.99
128,2015.4561643835616,36.37400147140756,8.479033290571872,,19.974565241243898,12.321489975167978,,,,,,,,,,,,,-2.995732273553991,,,-1.8971199848858813,6.29967857142857,8.74,0.1,0.36917999999999995,51.5,8.99,29.16428571428571,6.44,,2.56
129,2015.4753424657533,43.073879114272216,11.081453478268166,,16.767762671366338,6.887528841737365,,,,,,,,,,,,,-2.4079456086518722,,,-1.8971199848858813,6.3833988095238094,8.36,0.1,0.44947800000000004,33.43,8.33,29.53797619047619,6.43,,2.11
130,2015.4945205479453,28.12735017946554,22.153014667607067,,21.381876756442974,6.4812302262372326,,,,,,,,,,,,,-2.4079456086518722,,,-1.8971199848858813,7.085886904761905,9.58,0.1,0.546978,37.06,9.43,28.32059523809524,4.83,,3.08
131,2015.513698630137,82.21692100078604,5.619244839220619,,,,,,,,,,,,,,,,-2.4079456086518722,,,-1.8971199848858813,6.802583333333334,10.129999999999999,0.1,0.688638,44.38,6.58,28.2572619047619,4.8,,2.32
132,2015.5328767123287,62.02846303568887,9.615132893714188,8.80959257220307,17.916915606122448,8.306918673196927,,,,,,,,,,,,,-2.4079456086518722,,,-1.8971199848858813,6.5616369047619045,9.36,0.1,0.8098169999999998,36.78,8.11,29.43595238095238,5.01,,2.57
133,2015.5520547945205,53.77589610190262,11.64239808358449,13.62141331700685,21.23465669364419,7.03763232530176,,,,,,,,,,,,,-2.4079456086518722,,,-1.8971199848858813,6.834244047619047,9.559999999999999,0.1,0.8954789999999997,33.82,7.23,28.50511904761905,4.99,,2.28
134,2015.5712328767124,80.97726337524077,7.066862992494542,10.607391047183572,18.294418417285502,9.178250420285108,,,,,8.98215432613627,,,,,,,,-2.4079456086518722,,,-1.8971199848858813,6.268130952380952,8.27,0.1,0.9875869999999998,32.8,7.67,29.043869047619047,4.99,,3.72
135,2015.5904109589042,57.08423588268556,9.599080647502177,19.02947552545044,16.933125604136638,9.381163362326065,,,,,10.906452712417792,,,,,,,,-2.4079456086518722,,,-1.8971199848858813,7.17902380952381,10.57,0.1,1.0987939999999996,38.54,7.01,28.320535714285718,4.99,,2.32
136,2015.609589041096,65.86785011274397,9.028825850638082,18.053386742472618,17.041519820751283,8.325247444949566,,,,,10.96068022414872,,,,,,,,-2.4079456086518722,,,-1.8971199848858813,6.478107142857143,8.68,0.1,1.2101959999999998,44.28,6.8,27.9352380952381,4.98,,2.59
137,2015.6287671232876,64.7061717831378,17.162101563083983,19.736149473057722,17.255102484051985,13.001083919510606,,,,,9.493172775469743,,,,,,,,-2.4079456086518722,,,-1.8971199848858813,6.663767857142856,9.309999999999999,0.1,1.310627,26.67,5.92,28.01851190476191,4.99,,2.16
138,2015.6479452054793,63.14254381213033,7.900636888739388,20.79157006006233,19.272584149070564,16.81267599714616,,,,,12.209545887417306,,,,,,,,-2.4079456086518722,,,-1.8971199848858813,6.842982142857143,10.01,0.1,1.4268939999999997,32.25,4.82,27.583392857142858,4.99,,2.22
139,2015.6671232876713,56.4276296362229,12.941591564339731,26.0018035716244,14.51071925302497,22.917657373871783,,,,,11.067597285262227,,,,,,,,-2.4079456086518722,,,-1.8971199848858813,6.371904761904761,9.129999999999999,0.1,1.531247,42.88,,27.758392857142855,5.75,,2.75
140,2015.686301369863,68.36366337467823,7.158629049829039,,27.371377710633148,3.6445342506968745,,,,,9.697258805309497,,,,,,,,-2.4079456086518722,,,-1.8971199848858813,5.379892857142858,7.612,0.1,1.560089,42.22,6.8,28.703869047619047,6.1,,2.56
141,2015.7054794520548,56.902319186473854,8.771972723464101,9.529666563281792,16.104651779787524,30.989796069754505,,,,,12.274625046824372,,,,,,,,-2.4079456086518722,,,-1.8971199848858813,6.415190476190476,9.379999999999999,0.1,1.6301899999999998,54.22,4.17,29.139166666666668,6.1,,1.82
142,2015.7246575342465,58.832320704604946,7.542272986735572,7.955403642058567,19.120218534041854,26.122491518415696,,,,,,,,,,,,,-4.605170185988091,,,-1.8971199848858813,5.732005952380953,7.989,0.1,1.6750170000000002,66.29,4.82,28.98095238095238,7.15,,1.53
143,2015.7438356164384,,,,,,,,,,,,,,,,,,,,,,5.5307916666666666,8.370000000000001,0.1,1.7252339999999997,35.45,,28.143154761904757,7.18,,2.07
144,2015.7630136986302,,,,,,,,,,,,,,,,,,,,,,5.656791666666667,8.559999999999999,0.1,1.7838669999999994,47.17,,28.975714285714286,7.26,,2.02
145,2015.782191780822,,,,,,,,,,,,,,,,,,,,,,5.725886904761905,7.802,0.1,1.8391089999999997,56.02,4.38,30.12065476190476,8.03,,1.73
146,2015.8013698630136,,,,,,,,,,,,,,,,,,,,,,5.761148809523809,8.32,4.527,1.8868219999999993,68.16,3.95,28.84958333333333,8.29,,1.64
147,2015.8205479452056,,,,,,,,,,,,,,,,,,,,,,4.810678571428572,6.805,0.1,1.8972409999999995,76.72,1.53,29.736726190476194,9.27,,0.44
148,2015.8397260273973,,,,,,,,,,,,,,,,,,,,,,4.962684523809523,5.853,3.978,1.8975459999999995,93.5,3.29,27.591845238095235,16.16,,0.51
149,2015.858904109589,,,,,,,,,,,,,,,,,,,,,,4.249053571428571,5.91,0.1,1.8975459999999995,72.35,2.63,29.770059523809522,17.48,,0.63
150,2015.8780821917808,,,,,,,,,,,,,,,,,,,,,,4.226238095238095,5.184,3.4219999999999997,1.8975459999999995,85.5,15.34,30.1075,20.29,,4.42
151,2015.8972602739725,,,,,,,,,,,,,,,,,,,,,,3.934993670886076,5.314,0.1,1.8975459999999995,94.8,2.41,29.561455696202536,24.34,,0.56
152,2015.9164383561645,,,,,,,,,,,,,,,,,,,,,,3.3275000000000006,5.184,0.1,1.8975459999999995,65.46,2.19,29.860892857142858,24.43,,0.92
153,2015.9356164383562,,,,,,,,,,,,,,,,,,,,,,4.4080595238095235,5.747999999999999,0.1,1.8975459999999995,95.9,4.17,29.10869047619048,11.13,,1.7
154,2015.954794520548,,,,,,,,,,,,,,,,,,,,,,3.877283464566929,5.654,0.1,1.8975459999999995,76.95,2.85,29.924724409448825,20.31,,0.95
155,2015.9739726027397,,,,,,,,,,,,,,,,,,,,,,3.634583333333334,4.431,3.239,1.8975459999999995,1.0,1.1,29.89857142857143,26.24,,0.08
156,2015.9931506849316,,,,,,,,,,,,,,,,,,,,,,3.2752559523809524,3.8649999999999998,0.1,1.8975459999999995,93.6,,29.862678571428575,8.16,,
157,2016.0122950819673,,,,,,,,,,,,,,,,,,,,,,2.97114880952381,4.137,0.1,0.542156,,1.0,30.11202380952381,8.42,,1.0
158,2016.0314207650274,,,,,,,,,,,,,,,,,,,,,,3.5072559523809526,4.7090000000000005,0.1,0.0,1.0,1.53,29.49154761904762,9.3,,0.33
159,2016.0505464480875,,,,,,,,,,,,,,,,,,,,,,3.7625238095238105,4.686,0.1,0.0,98.9,1.0,28.207500000000003,14.33,,1.0
160,2016.0696721311476,,,,,,,,,,,,,,,,,,,,,,3.9805654761904763,5.502000000000001,0.1,0.0,96.1,2.19,29.52422619047619,16.95,,0.48
161,2016.0887978142077,,,,,,,,,,,,,,,,,,,,,,3.7946190476190473,5.62,0.1,0.0,72.46,3.95,29.93357142857143,20.31,,1.2
162,2016.1079234972678,,,,,,,,,,,,,,,,,,,,,,4.049684523809523,6.4030000000000005,0.1,0.0,59.86,6.14,30.366726190476193,21.68,,1.43
163,2016.127049180328,,,,,,,,,,,,,,,,,,,,,,4.484023809523809,6.1240000000000006,0.1,0.0,69.29,3.95,30.244821428571424,8.8,,1.31
164,2016.146174863388,,,,,,,,,,,,,,,,,,,,,,3.935154761904762,5.651,0.1,0.0,51.78,3.51,29.99839285714286,11.39,,1.38
165,2016.1653005464482,,,,,,,,,,,,,,,,,,,,,,4.336077380952381,6.455,0.1,0.0,98.6,6.36,29.791369047619053,13.59,,0.63
166,2016.1844262295083,,,,,,,,,,,,,,,,,,,,,,4.2712023809523805,5.951,0.1,0.0,91.3,10.96,29.34184523809524,16.28,,0.62
167,2016.2035519125684,,,,,,,,,,,,,,,,,,,,,,3.8925928143712567,5.507,0.1,0.0,94.7,1.0,29.490598802395212,22.37,,1.0
168,2016.2226775956285,,,,,,,,,,,,,,,,,,,,,,4.268160714285715,6.6049999999999995,0.1,0.00031499999999999915,93.6,2.41,29.890773809523807,23.15,,0.29
169,2016.2418032786886,,,,,,,,,,,,,,,,,,,,,,4.165815476190476,5.359,3.4520000000000004,0.000734999999999998,60.65,5.26,29.489642857142858,8.19,,1.64
170,2016.2609289617487,,,,,,,,,,,,,,,,,,,,,,4.940767857142857,7.590999999999999,0.1,0.01590399999999999,55.24,5.04,29.65589285714286,9.02,,2.07
171,2016.2800546448088,69.64448353710438,14.389378900615492,8.37133503991206,17.681635427700364,8.014295159886759,,,,,,,,,0.0029947639540458637,0.016857117066422806,0.006975613736425138,0.016857117066422806,,,,,5.504053571428573,8.790000000000001,0.1,0.05701599999999998,72.37,3.73,30.061011904761905,9.02,,0.84
172,2016.299180327869,71.70273187355896,14.633879547386314,,17.603694429291618,7.321147979326814,,,,,,,,,0.0028287612431091478,0.011928570865273812,0.01291622526654623,0.017839918128331016,,,,,4.951410714285715,8.629999999999999,0.1,0.080727,34.23,4.17,29.78559523809524,7.46,,2.21
173,2016.318306010929,46.78639785701095,14.287576000565162,,15.660971981604911,,,,,,,,,,0.0011640847134337074,0.015873349156290163,-0.020202707317519466,0.014888612493750559,,,,,5.105815476190477,8.75,0.1,0.13322699999999996,51.91,5.7,29.81630952380952,8.99,,2.55
174,2016.3374316939892,41.598417533866986,10.997156108478874,11.482603124443443,14.77400931110463,13.110275974658043,,,,,,,,,0.002810751585172326,0.017839918128331016,-0.011060947359424948,0.016857117066422806,,,,,5.195023809523809,8.27,0.1,0.14083699999999996,41.08,4.82,28.709702380952383,9.11,,2.17
175,2016.3565573770493,47.18744003456703,13.832458164219338,12.77752746371659,16.950560095348898,8.087864163545436,,,,,6.779550696894069,,,,0.0009976676585021014,0.013902905168991434,0.001998002662673058,0.018821754240587667,,,,,5.69847619047619,8.309999999999999,0.1,0.17302899999999996,28.13,8.33,28.63113095238095,9.17,,3.07
176,2016.3756830601094,43.87975745636044,17.786520540348572,10.970416307569714,19.659831656343876,18.318174791096073,,,,,8.184194196682157,,,,0.0009976676585021014,0.018821754240587667,-0.007024614936964466,0.009950330853168092,,,,,5.64029761904762,8.65,0.1,0.21905500000000003,48.93,5.92,29.213154761904757,9.67,,2.25
177,2016.3948087431695,42.568663574870186,14.6459668719039,10.56380300419311,17.707963884749947,23.994391712826726,,,,,7.404035639132581,,,,-0.0011445743873958057,0.01291622526654623,0.06578774053800315,0.01291622526654623,,,,,5.1456904761904765,7.808,0.1,0.24661099999999997,64.97,2.19,28.080119047619053,10.98,,0.3
178,2016.4139344262296,47.87178705521666,12.774232396771525,17.895350083974176,20.083508956610626,23.160555799367504,,,,,,,,,0.001246127900492769,0.018821754240587667,-0.0650719967437148,0.02078253918252841,-0.9942522733438669,,,-1.8971199848858813,5.431005952380953,8.01,0.1,0.252251,30.45,3.29,29.97470238095238,10.99,,1.39
179,2016.4330601092897,29.411615486508676,12.393684119062277,7.0210433868764754,17.44277274701333,30.995365306327244,,,,,,,,,0.00249576080131044,0.013902905168991434,-0.033556783528842754,0.013902905168991434,-1.5141277326297755,,,-1.8971199848858813,7.009398809523811,9.879999999999999,0.1,0.32120099999999996,32.76,4.82,29.843214285714286,11.04,,1.55
180,2016.4521857923498,22.434357141808132,11.395957490248266,7.45182630296893,21.68088561226996,25.697812598603935,,,,,,,,,-0.003258401177885993,0.014888612493750559,0.08892620919440149,0.018821754240587667,-0.7985076962177716,,,-1.8971199848858813,5.623005952380953,9.209999999999999,0.1,0.40131199999999995,89.8,7.23,29.540416666666665,12.05,,1.68
181,2016.47131147541,,,,,,,,,,,,,,-0.003258401177885993,0.014888612493750559,0.08892620919440149,0.018821754240587667,-0.7985076962177716,,,-1.8971199848858813,5.248630952380953,7.648999999999999,0.1,0.41013099999999997,38.24,5.92,29.971666666666664,13.52,,2.46
182,2016.49043715847,21.744960711505797,6.331201735673719,,18.379790731719105,16.393371226626037,,,,,,,,,0.00869691263952108,0.003992021269537457,0.04783732941416006,0.006975613736425138,-0.7985076962177716,,,-1.8971199848858813,6.178720238095238,8.959999999999999,0.1,0.450323,47.59,6.14,29.98541666666667,13.85,,1.23
183,2016.50956284153,24.15362361439039,15.938445480998178,7.0210433868764754,18.299011380560778,23.712727838203364,,,,,,,,,0.0049587316936364634,0.014888612493750559,0.017839918128331016,0.011928570865273812,-0.7985076962177716,,,-1.8971199848858813,6.409613095238095,8.540000000000001,0.1,0.5307969999999999,28.96,7.01,30.12672619047619,13.85,,2.86
184,2016.52868852459,8.266910316008056,23.72694303219315,,8.223414909835439,25.525958534798495,,,,,,,,,0.00993690232593429,0.005982071677547469,0.30821972366932904,0.008959741371471801,-2.4079456086518722,,,-0.2613647641344075,5.949803571428571,7.8260000000000005,0.1,0.5848269999999998,83.8,1.1,29.007559523809523,14.46,,0.19
185,2016.5478142076502,26.198629016809093,16.37843849889192,,11.368647288265658,15.4345053144613,,,,,,,,,0.012886113222111778,0.006975613736425138,0.16889853646181388,0.005982071677547469,-2.4079456086518722,,,-0.2613647641344075,6.119220238095239,8.26,0.1,0.6247619999999998,52.85,7.89,29.93714285714286,14.47,,2.67
186,2016.5669398907103,25.747282941674342,22.297062792641345,,12.576390978702376,13.119634859083506,,,,,,,,,0.020096080494069135,0.004987541511038968,0.11064652008706365,0.002995508979798371,-2.4079456086518722,,,-0.2613647641344075,6.353285714285715,8.67,0.1,0.68905,52.28,5.92,29.964166666666664,14.47,,2.01
187,2016.5860655737704,36.08308320442457,18.601752017316407,,17.1757603785531,10.52569337994651,,,,,,,,,0.021048406147338206,0.01291622526654623,0.028587456851912472,0.013902905168991434,-2.4079456086518722,,,-0.2613647641344075,6.674375,9.67,0.1,0.7980709999999999,45.61,5.26,28.327738095238093,14.46,,1.8
188,2016.6051912568305,42.011262672454926,22.606686618209945,20.0059745530907,19.58374457730722,7.107269223689925,,,,,7.667713865533786,,,,0.015070577037626024,0.006975613736425138,0.08709470685093373,0.006975613736425138,-2.4079456086518722,,,-0.2613647641344075,6.109732142857142,9.440000000000001,0.1,0.8869379999999999,75.97,3.07,28.48369047619048,14.67,,0.73
189,2016.6243169398906,42.51178372044425,24.993690287055987,,23.530527408915326,7.155221541358867,,,,,9.545170749817757,,,,0.015070577037626024,0.006975613736425138,0.08709470685093373,0.006975613736425138,-2.4079456086518722,,,-0.2613647641344075,6.6161845238095225,9.620000000000001,0.1,0.9632659999999998,39.34,5.04,29.72547619047619,14.67,,1.74
190,2016.6434426229507,38.8957289254421,14.890346782192882,9.742338814728706,11.528439664805443,16.6941211805676,,,,,,,,,0.01893896406491216,0.008959741371471801,-0.025317807984289897,0.005982071677547469,-1.8971199848858813,,,-1.8971199848858813,6.872607142857143,10.129999999999999,0.1,1.0981959999999997,29.31,6.58,28.46404761904762,14.66,,2.99
191,2016.6625683060108,34.37931715832745,10.373381440265787,10.635496471623432,16.970335986294856,28.677791322793937,,,,,,,,,0.016612110026775633,0.004987541511038968,0.01291622526654623,0.004987541511038968,-2.8134107167600364,,,-1.8971199848858813,6.548666666666667,9.209999999999999,0.1,1.2186759999999996,69.48,6.36,28.85184523809524,14.66,,0.94
192,2016.681693989071,42.604365609622455,13.616935817172568,22.03825621281071,22.45432775616522,25.49114893284771,,,,,,,,,0.015611609025523469,0.02078253918252841,0.09349034308733897,0.005982071677547469,-2.8134107167600364,,,-1.8971199848858813,5.679559523809524,7.775,0.1,1.2872219999999994,92.6,2.41,26.935833333333335,15.06,,0.49
193,2016.700819672131,,,,,,,,,,,,,,0.018274953221165294,0.005982071677547469,0.08892620919440149,0.004987541511038968,-3.2188758248682006,,,-1.8971199848858813,5.907279761904762,8.95,0.1,1.3247859999999998,18.33,9.64,30.160238095238096,15.47,,3.54
194,2016.7199453551912,,,,,,,,,,,,,,0.02178597136448451,0.015873349156290163,0.09166718852582387,0.01291622526654623,,,,,5.7292499999999995,8.47,0.1,1.3843129999999995,50.66,7.45,30.11178571428572,16.79,,2.06
195,2016.7390710382513,19.05537479625196,14.943872819424225,8.196616716680714,9.472910182586276,22.20966078496801,,,,,,,,,0.012110643082463401,0.007968169649176881,0.06672363204290813,0.003992021269537457,,,,,5.542595238095236,8.58,3.989,1.4093669999999996,57.78,5.26,30.177559523809524,17.54,,1.96
196,2016.7581967213114,,,,,,,,,,,,,,,,,,,,,,5.18552380952381,7.776999999999999,0.1,1.4505159999999997,94.9,3.73,28.119940476190475,18.65,,0.8
197,2016.7773224043715,,,,,,,,,,,,,,,,,,,,,,5.321916666666667,7.2299999999999995,4.307,1.457064,46.4,7.89,26.59863095238095,24.29,,2.94
198,2016.7964480874316,,,,,,,,,,,,,,,,,,,,,,4.86272619047619,6.6450000000000005,3.7950000000000004,1.4652819999999995,94.9,0.66,29.6175,26.2,,0.02
199,2016.8155737704917,,,,,,,,,,,,,,,,,,,,,,4.831648809523809,6.05,0.1,1.4654149999999997,82.2,3.29,30.039761904761907,26.17,,1.05
200,2016.8346994535518,,,,,,,,,,,,,,,,,,,,,,4.866988095238096,6.114,0.1,1.4654149999999997,1.0,1.1,28.52863095238095,9.06,,0.16
201,2016.853825136612,,,,,,,,,,,,,,,,,,,,,,4.786619047619048,6.359,0.1,1.4654149999999997,66.06,,30.128690476190474,9.93,,1.11
202,2016.872950819672,,,,,,,,,,,,,,,,,,,,,,5.042148809523811,6.58,0.1,1.4659749999999996,92.4,3.29,29.931904761904764,12.81,,0.99
203,2016.8920765027322,106.62403460925053,21.886135328447587,,23.333232639330575,19.234736803481077,,,,,,,,,,,,,,,,,4.157892857142857,5.412,3.257,1.4659749999999996,71.84,4.6,29.81404761904762,14.66,,1.56
204,2016.9112021857923,,,,,,,,,,,,,,,,,,,,,,4.038958333333333,4.968999999999999,0.1,1.4659749999999996,91.8,2.63,29.245059523809523,19.44,,0.46
205,2016.9303278688524,,,,,,,,,,,,,,,,,,,,,,3.6641964285714286,4.6049999999999995,3.1239999999999997,1.4659749999999996,86.5,2.85,29.681250000000006,7.74,,0.81
206,2016.9494535519125,,,,,,,,,,,,,,,,,,,,,,3.1339880952380956,4.234,2.089,1.4659749999999996,73.72,1.97,29.058035714285715,12.17,,0.5
207,2016.9685792349726,,,,,,,,,,,,,,,,,,,,,,2.7857738095238096,3.934,0.1,1.4659749999999996,93.3,3.07,30.167142857142856,15.92,,1.15
208,2016.9877049180327,,,,,,,,,,,,,,,,,,,,,,3.1427916666666667,4.066,2.088,1.4659749999999996,96.6,5.7,29.74375,18.04,,2.09
209,2017.0068493150684,,,,,,,,,,,,,,,,,,,,,,3.086440476190476,4.354,0.1,0.8376999999999998,59.06,7.45,30.102023809523807,19.55,,1.8
210,2017.0260273972603,,,,,,,,,,,,,,,,,,,,,,2.5030535714285715,3.7079999999999997,0.1,0.0,1.0,1.0,29.594999999999995,22.61,,1.0
211,2017.045205479452,,,,,,,,,,,,,,,,,,,,,,2.9012738095238104,4.197,0.1,0.0,92.5,1.32,29.59827380952381,22.93,,0.33
212,2017.0643835616438,,,,,,,,,,,,,,,,,,,,,,3.443607142857143,4.622,0.1,0.0,62.42,3.51,29.250416666666666,8.3,,0.97
213,2017.0835616438355,,,,,,,,,,,,,,,,,,,,,,3.508690476190476,4.724,2.927,0.0,97.1,1.0,30.41327380952381,8.53,,1.0
214,2017.1027397260275,,,,,,,,,,,,,,,,,,,,,,3.3286309523809527,4.093999999999999,0.1,0.0,96.2,1.32,29.81827380952381,14.6,,0.07
215,2017.1219178082192,,,,,,,,,,,,,,,,,,,,,,3.639833333333333,5.57,0.1,0.0,63.66,1.53,30.074226190476185,19.27,,0.5
216,2017.141095890411,,,,,,,,,,,,,,,,,,,,,,3.978613095238095,5.602,0.1,0.0,97.4,6.14,28.980833333333333,9.72,,1.07
217,2017.1602739726027,,,,,,,,,,,,,,,,,,,,,,3.3150595238095235,4.285,0.1,0.0,93.1,3.07,29.87059523809524,9.86,,1.23
218,2017.1794520547944,,,,,,,,,,,,,,,,,,,,,,3.506202380952381,5.12,0.1,0.0,97.3,1.0,29.872678571428576,9.6,,
219,2017.1986301369864,,,,,,,,,,,,,,,,,,,,,,3.965994011976048,5.881,0.1,0.0,1.0,3.95,30.16574850299402,14.36,,1.0
220,2017.217808219178,,,,,,,,,,,,,,,,,,,,,,4.286232142857143,5.946,3.067,0.0,93.6,1.97,29.517619047619046,17.08,,0.3
221,2017.2369863013698,,,,,,,,,,,,,,,,,,,,,,4.213190476190476,5.739,0.1,0.0,89.2,3.73,29.68845238095238,18.83,,1.69
222,2017.2561643835616,,,,,,,,,,,,,,,,,,,,,,4.3027500000000005,5.859,0.1,0.0,50.84,3.29,30.042559523809523,8.74,,1.55
223,2017.2753424657535,,,,,,,,,,,,,,,,,,,,,,4.288910714285715,6.523000000000001,0.1,0.00013800000000000238,65.79,3.51,28.53255952380952,10.07,,1.29
224,2017.2945205479452,32.026891845134394,16.381551105948088,10.622137777454075,14.157727283598504,,,,,,,,,,,,,,,,,,4.358202380952381,6.207,0.1,0.00016100000000000278,92.6,3.07,29.62392857142857,10.98,,0.57
225,2017.313698630137,46.52272383863672,25.58771001028998,29.193997590982548,21.592047650523384,9.105472470067351,,,,,,,,,0.004987046473542462,0.013902905168991434,0.005982071677547469,0.01291622526654623,,,,,4.45125,6.8340000000000005,0.1,0.0014970000000000042,,0.88,29.363273809523808,11.59,,0.19
226,2017.3328767123287,55.679142308434734,26.565884329221763,19.815056149071225,18.561479188383373,17.975744139594088,,,,,,,,,0.0049872114860412976,0.016857117066422806,0.010939940038334263,0.01980262729617973,,,,,4.467559523809523,6.357,0.1,0.002499000000000005,1.0,2.19,29.659761904761904,14.61,,0.95
227,2017.3520547945207,,,,,,,,,,,,,,0.0049872114860412976,0.016857117066422806,0.010939940038334263,0.01980262729617973,,,,,5.300059523809525,8.629999999999999,0.1,0.025998000000000007,37.34,4.6,30.084404761904764,15.28,,2.45
228,2017.3712328767124,32.76968337895274,25.550531427281737,,15.502734584194153,12.089108556263556,,,,,,,,,0.0007972082353910646,0.008959741371471801,0.10885440491208208,0.060153922819747144,,,,,4.8111250000000005,7.704000000000001,0.1,0.05150600000000002,90.9,10.96,29.811011904761905,18.34,,2.81
229,2017.390410958904,,,,,,,,,,,,,,0.0007972082353910646,0.008959741371471801,0.10885440491208208,0.060153922819747144,,,,,5.588738095238095,9.03,0.1,0.06850300000000002,31.81,6.8,29.94142857142857,19.69,,2.74
230,2017.4095890410958,,,,,,,,,,,,,,0.002396010763935449,0.008959741371471801,0.058268908123975824,0.011928570865273812,,,,,6.1426726190476195,8.709999999999999,0.1,0.13727700000000004,74.84,3.07,28.274583333333332,19.69,,0.91
231,2017.4287671232876,25.212363725225245,24.551205129158774,11.08521154840141,11.29428859088854,37.01746961765428,12.040566264504157,,,,,,,,0.006760210583907666,0.01980262729617973,1.3522203807861393,0.1501426584297194,5.236441962829949,,,-1.8971199848858813,5.679666666666667,7.875,0.1,0.182337,35.42,4.82,28.64875,19.82,,2.05
232,2017.4479452054795,13.100203936805565,33.41722035038468,14.024405690674193,22.34930386379623,36.285936206582264,,,,,,,,,0.010717558240523511,0.004987541511038968,0.2143046026470053,0.015873349156290163,4.067315889834181,,,-1.8971199848858813,5.332851190476189,8.59,0.1,0.21962399999999999,67.58,6.58,27.71464285714286,19.82,,1.64
233,2017.4671232876713,18.432493442708193,32.47494365616433,15.206776564072797,24.297062744493854,25.450247249092147,11.972613298002575,,,,,,,,0.0041855816378290195,0.006975613736425138,0.15614868248993138,0.007968169649176881,-1.4271163556401458,,,-1.8971199848858813,5.989,8.75,0.1,0.230917,42.51,13.59,29.58172619047619,7.32,,4.48
234,2017.486301369863,9.5467300649127,27.117210239877444,19.92986230509576,22.691583920756575,27.230217608704976,,,,,,,,,0.0025957112298533756,0.004987541511038968,0.142367241286922,0.004987541511038968,-1.3093333199837622,,,-1.8971199848858813,6.838303571428571,9.72,0.1,0.31418199999999996,55.22,6.8,29.39803571428572,7.31,,1.7
235,2017.5054794520547,,28.603214785969413,20.66713955930381,12.99072099861258,30.074824234253853,,,,,,,,,0.0025957112298533756,0.005982071677547469,0.14496577025018564,0.008959741371471801,-1.3093333199837622,,,-1.8971199848858813,6.217398809523809,8.83,0.1,0.4093409999999999,43.9,6.36,29.373988095238094,7.29,,2.35
236,2017.5246575342467,24.456717907516598,17.795402251639295,22.861976489987168,12.05712225257864,24.314885112724163,,,,,,,,,0.005772318622169696,0.007968169649176881,0.01980262729617973,0.004987541511038968,-1.3093333199837622,,,-1.8971199848858813,6.579738095238096,9.459999999999999,0.1,0.5128249999999999,34.17,6.14,29.050178571428575,7.28,,1.0
237,2017.5438356164384,,,,,,,,,,,,,,0.006369631161719516,0.018821754240587667,0.05354076692802976,0.008959741371471801,-1.3093333199837622,,,-1.8971199848858813,6.341130952380952,8.99,0.1,0.6047289999999998,33.69,4.82,28.897321428571427,7.26,,2.08
238,2017.5630136986301,42.52164386068216,39.65563839533899,17.35082941105953,31.27496900058478,32.664525347622025,,10.06351787072224,,,23.800541342422896,,,,0.0029937205186100287,0.016857117066422806,0.01291622526654623,0.003992021269537457,-2.995732273553991,-4.6174004719647925,,-0.2207655889735421,6.564654761904761,9.32,0.1,0.6945439999999999,40.07,5.48,29.212619047619043,7.25,,1.84
239,2017.5821917808219,30.82679687740016,26.83783565942762,17.507864676284456,14.910542081741054,38.72842492358135,,14.667637661697595,,,21.876771107564444,,,,0.001597604124353938,0.04401688541677426,0.07510747248680548,0.006975613736425138,-2.995732273553991,-4.6174004719647925,,-0.2207655889735421,6.76602380952381,9.45,0.1,0.815112,27.96,4.38,29.780119047619046,7.23,,2.21
240,2017.6013698630136,35.54263245030555,27.05873123830296,12.874037412424427,11.428398621238735,47.41716874628609,,9.488455188583215,,,,,,,0.0019946185893169625,0.006975613736425138,0.20375683751401963,0.011928570865273812,-2.995732273553991,1.1977031913123406,,0.778255038135316,7.2206607142857155,10.209999999999999,0.1,0.9634520000000001,37.88,4.16,27.577976190476186,7.22,,1.87
241,2017.6205479452055,10.722428595981484,25.805637442373733,18.650340611169263,15.201205378533023,48.500111042001706,,10.949597945956691,,,10.515944342415839,,,,0.0021961106973187637,0.006975613736425138,0.10795714150509236,0.004987541511038968,-2.995732273553991,-1.697722827301672,,-0.1446494352694309,6.762625,9.76,0.1,1.0986989999999999,55.88,3.95,27.05577380952381,7.33,,1.79
242,2017.6397260273973,,,,,,,,,,,,,,0.0021961106973187637,0.006975613736425138,0.10795714150509236,0.004987541511038968,-2.995732273553991,-1.697722827301672,,-0.1446494352694309,6.249119047619049,8.72,0.1,1.185195,40.33,3.51,29.9377380952381,7.33,,1.33
243,2017.658904109589,24.381104203016715,26.576121959887498,26.17886090312238,18.720131055983078,49.56191930519993,,9.490028927394185,,,,,,,0.0021961106973187637,0.006975613736425138,0.10795714150509236,0.004987541511038968,-inf,-1.6814711153339321,,,6.681404761904761,9.959999999999999,0.1,1.28214,43.38,2.85,27.97517857142857,7.32,,1.44
244,2017.6780821917807,,,,,,,,,,,,,,0.0021961106973187637,0.006975613736425138,0.10795714150509236,0.004987541511038968,,,,,6.819482142857143,9.65,0.1,1.399198,50.71,2.41,29.354464285714283,7.3,,1.17
245,2017.6972602739727,39.83165843089557,21.545574087335456,16.997508900936737,32.77106749406755,19.666956473445687,,,,,,,,,0.0013989012649192772,0.008959741371471801,0.05732506661926935,0.006975613736425138,,,,,6.732369047619048,9.309999999999999,0.1,1.4999790000000002,40.09,2.85,28.8510119047619,7.68,,1.22
246,2017.7164383561644,53.22649699814903,24.331395708216036,18.733167692828093,55.83813803870544,28.46962676883602,,,,,,,,,0.003991690586791598,0.002995508979798371,0.11955923505763925,0.0009995003330834232,,,,,5.580571428571429,8.77,0.1,1.5757359999999998,97.6,3.73,28.933214285714286,10.34,,1.26
247,2017.7356164383561,101.27800660871839,13.631447748862001,11.231492788269525,16.07875646691647,16.326840768713176,,,,,,,,,,0.007968169649176881,0.21672298351128702,0.017839918128331016,,,,,4.977089285714286,7.138,0.1,1.5874550000000003,58.2,4.38,30.036369047619047,12.84,,1.67
248,2017.7547945205479,,,,,,,,,,,,,,,,,,,,,,5.342720238095238,8.370000000000001,0.1,1.6192080000000002,35.54,14.69,29.247321428571425,13.79,,3.47
249,2017.7739726027398,,,,,,,,,,,,,,,,,,,,,,4.865077380952381,7.156999999999999,0.1,1.6323169999999998,55.2,5.7,30.153928571428576,15.13,,1.66
250,2017.7931506849316,,,,,,,,,,,,,,,,,,,,,,4.203416666666667,6.4430000000000005,0.1,1.6357180000000002,62.81,3.51,30.22857142857143,18.57,,1.12
251,2017.8123287671233,,,,,,,,,,,,,,,,,,,,,,4.823297619047619,6.854000000000001,0.1,1.6378420000000005,71.01,1.53,29.58940476190476,18.56,,0.18
252,2017.831506849315,,,,,,,,,,,,,,,,,,,,,,5.180946428571429,7.373,0.1,1.6492500000000003,42.56,5.26,29.792380952380952,13.05,,1.41
253,2017.8506849315067,,,,,,,,,,,,,,,,,,,,,,3.9389226190476188,6.057,0.1,1.6547790000000004,72.78,6.8,29.30833333333333,15.99,,1.1
254,2017.8698630136987,,,,,,,,,,,,,,,,,,,,,,4.1825833333333335,5.289,0.1,1.6547790000000004,60.35,5.26,29.268809523809523,18.94,,1.41
255,2017.8890410958904,,,,,,,,,,,,,,,,,,,,,,3.802482142857143,5.114,0.1,1.6547790000000004,98.1,2.19,29.64386904761905,10.67,,0.28
256,2017.9082191780822,,,,,,,,,,,,,,,,,,,,,,4.408351190476191,5.636,0.1,1.6547790000000004,93.7,3.29,29.68261904761905,14.96,,0.62
257,2017.927397260274,,,,,,,,,,,,,,,,,,,,,,3.7560476190476186,4.8340000000000005,0.1,1.6547790000000004,66.76,7.67,29.719761904761906,16.62,,1.22
258,2017.9465753424658,,,,,,,,,,,,,,,,,,,,,,3.5281607142857148,5.614,2.543,1.6547790000000004,71.79,1.32,30.49761904761905,16.62,,0.78
259,2017.9657534246576,,,,,,,,,,,,,,,,,,,,,,3.6884523809523815,4.829,2.9170000000000003,1.6547790000000004,98.3,1.75,30.258511904761907,17.21,,0.23
260,2017.9849315068493,,,,,,,,,,,,,,,,,,,,,,3.256738095238095,4.391,0.1,1.6547790000000004,76.83,3.07,30.230357142857148,17.44,,0.85
261,2018.004109589041,,,,,,,,,,,,,,,,,,,,,,3.599714285714286,4.741,0.1,1.1819850000000003,49.55,7.67,30.232142857142858,10.7,,2.18
262,2018.0232876712328,,,,,,,,,,,,,,,,,,,,,,4.000583333333333,5.152,0.1,0.0,1.0,9.21,29.720714285714287,11.49,,2.65
263,2018.0424657534247,,,,,,,,,,,,,,,,,,,,,,4.261005952380953,5.921,0.1,0.0,89.2,2.85,29.975416666666668,14.66,,0.62
264,2018.0616438356165,,,,,,,,,,,,,,,,,,,,,,3.7944583333333335,4.936999999999999,0.1,0.0,98.3,1.0,29.56827380952381,18.32,,1.0
265,2018.0808219178082,,,,,,,,,,,,,,,,,,,,,,3.691595238095238,5.1450000000000005,0.1,0.0,83.9,7.67,29.928571428571427,23.73,,1.53
266,2018.1,,,,,,,,,,,,,,,,,,,,,,4.322375,5.5409999999999995,0.1,0.0,66.98,3.51,30.27988095238095,23.83,,1.17
267,2018.1191780821919,,,,,,,,,,,,,,,,,,,,,,3.879517857142857,6.0840000000000005,0.1,0.0,29.97,3.95,30.236369047619043,5.11,,1.66
268,2018.1383561643836,,,,,,,,,,,,,,,,,,,,,,3.375488095238095,5.352,0.1,0.0,71.66,1.1,30.11946428571429,8.3,,0.05
269,2018.1575342465753,,,,,,,,,,,,,,,,,,,,,,2.990815476190476,4.053,0.1,0.0,63.82,3.07,29.66279761904762,11.27,,0.55
270,2018.176712328767,,,,,,,,,,,,,,,,,,,,,,3.438547619047619,4.898,0.1,0.0,50.42,5.04,29.631845238095234,12.59,,1.89
271,2018.195890410959,,,,,,,,,,,,,,,,,,,,,,4.036736526946108,6.946,0.1,0.00044599999999999935,92.8,2.63,29.48916167664671,14.87,,0.82
272,2018.2150684931507,13.870026237755967,,,,7.348726011722062,,,,,,,,,,,,,,,,,3.8154166666666662,5.718,0.1,0.0031219999999999954,55.13,4.82,29.97125,16.35,,1.0
273,2018.2342465753425,,,,,,,,,,,,,,,,,,,,,,3.7768511904761892,6.206,0.1,0.0031219999999999954,92.3,1.97,29.80559523809524,18.96,,0.47
274,2018.2534246575342,,,,,,,,,,,,,,,,,,,,,,4.149357142857143,6.05,2.841,0.0031219999999999954,52.21,4.16,30.044642857142858,19.2,,1.79
275,2018.272602739726,,,,,,,,,,,,,,,,,,,,,,4.650339285714286,6.92,0.1,0.004833999999999997,91.8,6.14,28.928392857142853,8.42,,1.38
276,2018.2917808219179,,,,,,,,,,,,,,,,,,,,,,4.009821428571429,5.35,0.1,0.008323,87.6,5.04,29.006250000000005,11.49,,1.4
277,2018.3109589041096,65.7946106365368,14.725919836815292,8.112698194977087,13.044683995414323,6.7467318629058015,,,,,,,,,,,,,,,,,4.689625,7.3340000000000005,0.1,0.009625000000000002,14.83,11.18,30.243392857142855,11.74,,3.47
278,2018.3301369863013,,,,,,,,,,,,,,,,,,,,,,5.046464285714286,8.540000000000001,0.1,0.04336000000000002,81.4,2.63,28.149464285714288,12.25,,0.53
279,2018.349315068493,22.585752212903817,14.52503577278109,15.363785619369581,18.318455956968435,27.616238508477867,11.927916124147966,10.88089061163064,,,,,,,,,,,,,,,5.578029761904762,7.781999999999999,0.1,0.06811300000000002,43.75,4.82,29.615178571428572,12.26,,1.63
280,2018.368493150685,20.632547986053254,18.608840113661806,23.320678227484038,21.298026027113483,21.737992448645972,,10.832107456850926,,,11.656142919331511,,,,,,,,,,,,5.663577380952382,8.709999999999999,0.1,0.111115,59.43,6.36,28.509345238095236,12.57,,1.83
281,2018.3876712328768,22.180477565995474,13.614586427318793,24.113421697911445,22.408117522019634,29.098234551480722,,12.616664039406476,,,,,,,,,,,4.1178983201436985,1.7226415734409497,,,5.826857142857142,7.709999999999999,0.1,0.157661,38.08,3.73,28.640595238095237,12.56,,1.88
282,2018.4068493150685,17.967905465259314,17.840449046003737,16.537404252510402,21.21412366504941,32.412206846419274,,10.740283671451433,,,9.465286519228908,,,,,,,,-1.2830159633290013,-3.88733036521611,,,5.917083333333333,8.53,0.1,0.208443,41.9,11.84,29.374226190476197,12.56,,2.8
283,2018.4260273972602,28.02725121803097,16.42300926501753,12.876963655177267,20.9724864631846,37.23869935886344,,10.1035451098311,,,10.185566918151663,,,,,,,,-3.1653350794091426,-0.43463651854770674,,,5.502154761904761,8.36,0.1,0.236224,28.57,18.41,29.724761904761905,12.63,,2.76
284,2018.445205479452,24.50404065739247,13.531876055415639,11.008562239321096,25.83989650495911,28.453281872565267,,9.297375800929773,,,9.33293853913473,,,,,,,,-3.047025580489888,-1.353633554143146,,,5.47342857142857,7.931,0.1,0.271852,41.33,5.04,28.333928571428572,14.56,,1.99
285,2018.464383561644,23.755304916486004,15.940229534572651,13.754068787891098,25.490360005288053,26.429470917419014,10.600604913132672,10.058006030100822,,,,,,,,,,,-2.5433836194350725,-5.051457313878636,,,5.747595238095238,8.309999999999999,0.1,0.299083,41.79,3.29,26.209226190476187,14.72,,1.55
286,2018.4835616438356,27.34405056984115,17.9304450866184,12.80323984510249,24.00491248929612,32.71142069300249,,11.02610198332634,,,,,,,,,,,-2.958436500754192,1.1144856697386973,,,6.418345238095237,9.040000000000001,0.1,0.361868,34.4,,30.09107142857143,14.76,,2.22
287,2018.5027397260274,27.533195362049415,17.05249986329044,9.141324505628829,19.315919153652416,27.519719535148155,,9.868621720543937,,,,,,,,,,,,,,,6.204291666666667,8.16,4.14,0.42106000000000005,40.07,7.67,29.63285714285714,14.76,,
288,2018.521917808219,33.414128354754524,19.05561242897821,8.79691892674222,18.95648548176029,28.622810413694975,,10.060757343635677,,,,,,,,,,,,,,,6.520964285714287,8.459999999999999,0.1,0.4872620000000001,49.56,6.36,29.59244047619048,14.76,,2.88
289,2018.541095890411,36.44840329532808,16.626602670206186,9.490407909966013,13.192440288775927,28.598312416328277,,10.835100819013668,,,,,,,,,,,,,,,7.028410714285714,10.02,0.1,0.5907270000000001,30.57,5.04,28.527976190476195,14.76,,1.96
290,2018.5602739726028,26.967783391010066,12.076935531560155,9.794209787258168,14.450913332035373,32.802441620896836,,10.004580067510293,,,10.523546314063449,,,,,,,,,,,,7.347999999999999,9.33,5.561999999999999,0.6887870000000001,,,30.13192307692307,14.75,,
291,2018.5794520547945,,,,,,,,,,,,,,,,,,,,,,,,,0.6905570000000002,,,,,,
292,2018.5986301369862,,,,,,,,,,,,,,,,,,,,,,,,,0.6905570000000002,,,,,,
293,2018.6178082191782,,,,,,,,,,,,,,,,,,,,,,,,,0.6905570000000002,,,,,,
294,2018.63698630137,,,,,,,,,,,,,,,,,,,,,,,,,0.6905570000000002,,,,,,
295,2018.6561643835616,,,,,,,,,,,,,,,,,,,,,,,,,0.6905570000000002,,,,,,
296,2018.6753424657534,,,,,,,,,,,,,,,,,,,,,,,,,0.6905570000000002,,,,,,
297,2018.694520547945,,,,,,,,,,,,,,,,,,,,,,,,,0.6905570000000002,,,,,,
298,2018.713698630137,,,,,,,,,,,,,,,,,,,,,,,,,0.6905570000000002,,,,,,
299,2018.7328767123288,,,,,,,,,,,,,,,,,,,,,,,,,0.6905570000000002,,,,,,
300,2018.7520547945205,,,,,,,,,,,,,,,,,,,,,,,,,0.6905570000000002,,,,,,
301,2018.7712328767122,,,,,,,,,,,,,,,,,,,,,,,,,0.6905570000000002,,,,,,
302,2018.7904109589042,,,,,,,,,,,,,,,,,,,,,,,,,0.6905570000000002,,,,,,
303,2018.809589041096,,,,,,,,,,,,,,,,,,,,,,,,,0.6905570000000002,,,,,,
304,2018.8287671232877,,,,,,,,,,,,,,,,,,,,,,,,,0.6905570000000002,,,,,,
305,2018.8479452054794,,,,,,,,,,,,,,,,,,,,,,,,,0.6905570000000002,,,,,,
306,2018.8671232876711,,,,,,,,,,,,,,,,,,,,,,,,,0.6905570000000002,,,,,,
307,2018.886301369863,,,,,,,,,,,,,,,,,,,,,,,,,0.6905570000000002,,,,,,
308,2018.9054794520548,,,,,,,,,,,,,,,,,,,,,,,,,0.6905570000000002,,,,,,
309,2018.9246575342465,,,,,,,,,,,,,,,,,,,,,,,,,0.6905570000000002,,,,,,
310,2018.9438356164383,,,,,,,,,,,,,,,,,,,,,,,,,0.6905570000000002,,,,,,
311,2018.9630136986302,,,,,,,,,,,,,,,,,,,,,,,,,0.6905570000000002,,,,,,
312,2018.982191780822,,,,,,,,,,,,,,,,,,,,,,,,,0.6905570000000002,,,,,,
313,2019.0013698630137,,,,,,,,,,,,,,,,,,,,,,,,,0.5919060000000003,,,,,,
314,2019.0205479452054,,,,,,,,,,,,,,,,,,,,,,,,,0.0,,,,,,
315,2019.0397260273974,,,,,,,,,,,,,,,,,,,,,,,,,0.0,,,,,,
316,2019.058904109589,,,,,,,,,,,,,,,,,,,,,,,,,,,,,,,
317,2019.0780821917808,,,,,,,,,,,,,,,,,,,,,,,,,,,,,,,
318,2019.0972602739726,,,,,,,,,,,,,,,,,,,,,,,,,,,,,,,
319,2019.1164383561643,,,,,,,,,,,,,,,,,,,,,,,,,,,,,,,
320,2019.1356164383562,,,,,,,,,,,,,,,,,,,,,,,,,,,,,,,
